<?xml version="1.0" encoding="UTF-8" standalone="no"?>
<!DOCTYPE Plugin PUBLIC "sailpoint.dtd" "sailpoint.dtd">
<Plugin certificationLevel="None" displayName="Log Level Modifier" minSystemVersion="7.1" name="LogLevelModifier" version="1.0.86">
	<Attributes>
		<Map>
			<entry key="fullPage">  
        		<value>  
          			<FullPage title="Loggers"/>
        		</value>
        	</entry>
        	<entry key="restResources">  
        		<value>  
          			<List>  
            			<String>sailpoint.plugin.logLevel.LogLevelModifier</String>  
          			</List>  
        		</value>  
      		</entry>
      		<entry key="settings">  
		        <value>  
		          <List>   
		          </List>  
		        </value>  
			</entry>  
		</Map>
	</Attributes>
</Plugin>
